2026-02-15 16:53:22,144.0007,150,AUTO-FOUND
2026-02-15 16:53:25,144.0057,150,AUTO-FOUND
2026-02-15 16:53:28,144.0107,150,AUTO-FOUND
2026-02-15 16:53:31,144.0157,150,AUTO-FOUND
2026-02-15 16:53:34,144.0207,150,AUTO-FOUND
2026-02-15 16:53:37,144.0257,150,AUTO-FOUND
2026-02-15 16:53:41,144.0307,150,AUTO-FOUND
2026-02-15 16:53:44,144.0357,150,AUTO-FOUND
2026-02-15 16:53:47,144.0407,150,AUTO-FOUND
2026-02-15 16:53:50,144.0457,150,AUTO-FOUND
2026-02-15 16:59:05,144.0000,150,AUTO-FOUND
2026-02-15 16:59:08,144.0050,150,AUTO-FOUND
2026-02-15 16:59:11,144.0100,150,AUTO-FOUND
2026-02-16 08:03:56,14.0000,95,AUTO-FOUND
2026-02-16 08:03:59,14.0050,121,AUTO-FOUND
2026-02-16 08:04:02,14.0100,65,AUTO-FOUND
2026-02-16 08:04:05,14.0150,72,AUTO-FOUND
2026-02-16 08:04:09,14.0300,62,AUTO-FOUND
2026-02-16 08:04:12,14.0350,67,AUTO-FOUND
2026-02-16 08:04:15,14.0400,62,AUTO-FOUND
2026-02-16 08:04:18,14.0450,67,AUTO-FOUND
2026-02-16 08:04:22,14.0550,72,AUTO-FOUND
2026-02-16 08:04:25,14.0600,82,AUTO-FOUND
2026-02-16 08:04:29,14.0900,62,AUTO-FOUND
2026-02-16 08:04:33,14.1150,65,AUTO-FOUND
2026-02-16 08:04:36,14.1200,62,AUTO-FOUND
2026-02-16 08:04:39,14.1300,100,AUTO-FOUND
2026-02-16 08:04:42,14.1350,97,AUTO-FOUND
2026-02-16 08:04:46,14.1550,65,AUTO-FOUND
2026-02-16 08:04:51,14.2250,65,AUTO-FOUND
2026-02-16 08:04:54,14.2300,87,AUTO-FOUND
2026-02-16 08:04:58,14.2600,62,AUTO-FOUND
2026-02-16 08:05:01,14.2650,67,AUTO-FOUND
2026-02-16 08:05:07,14.3450,62,AUTO-FOUND
2026-02-16 08:05:11,14.3750,100,AUTO-FOUND
2026-02-16 08:05:14,14.3800,103,AUTO-FOUND
2026-02-16 08:05:17,14.3850,75,AUTO-FOUND
2026-02-16 08:05:24,14.5150,87,AUTO-FOUND
2026-02-16 08:05:27,14.5200,75,AUTO-FOUND
2026-02-16 08:05:33,14.6150,62,AUTO-FOUND
2026-02-16 08:05:36,14.6200,67,AUTO-FOUND
2026-02-16 08:05:39,14.6250,92,AUTO-FOUND
2026-02-16 08:05:42,14.6300,87,AUTO-FOUND
2026-02-16 08:05:46,14.6550,72,AUTO-FOUND
2026-02-16 08:05:53,14.7750,65,AUTO-FOUND
